ID,Name,CompanyName,PhotoUrl
888447542,Terry Simmmons,Cat Worx,https://randomuser.me/api/portraits/men/85.jpg
489147314,Vickie Beck,Cat Worx,https://randomuser.me/api/portraits/women/24.jpg
873105331,Bertha George,Cat Worx,https://randomuser.me/api/portraits/women/79.jpg
547369673,Nicholas Harrison,Cat Worx,https://randomuser.me/api/portraits/men/65.jpg
501273874,Lillian Schmidt,Cat Worx,https://randomuser.me/api/portraits/women/68.jpg
307416307,Pat Williams,Cat Worx,https://randomuser.me/api/portraits/men/1.jpg
714329461,Lloyd Martin,Cat Worx,https://randomuser.me/api/portraits/men/80.jpg
447527213,Owen Harrison,Cat Worx,https://randomuser.me/api/portraits/men/98.jpg
593220434,Ramon Olson,Cat Worx,https://randomuser.me/api/portraits/men/66.jpg
149916517,Franklin Hayes,Cat Worx,https://randomuser.me/api/portraits/men/11.jpg
